{"fightUUID":"0ad64b53-b540-48cc-b346-3786985db503","player1Id":87,"player2Id":76,"player1CharacterId":22,"player2CharacterId":18,"player1SkillRate":0.6371337962484841,"player2SkillRate":0.6442997113560481,"endTimestamp":1560214199931}
{"fightUUID":"0d07c39d-cd42-4a81-9b65-281bf4c823b5","player1Id":20,"player2Id":18,"player1CharacterId":5,"player2CharacterId":12,"player1SkillRate":1.6499747451169633,"player2SkillRate":0.8680391279102407,"endTimestamp":1560214199931}
{"fightUUID":"5f80d280-6330-4b73-ac07-f5a93a4d0893","player1Id":56,"player2Id":21,"player1CharacterId":25,"player2CharacterId":18,"player1SkillRate":1.0279392795590472,"player2SkillRate":0.12418494871423491,"endTimestamp":1560214199931}
{"fightUUID":"e7c76ced-a49f-45f5-b2dc-2fb3f140c0c2","player1Id":75,"player2Id":80,"player1CharacterId":16,"player2CharacterId":5,"player1SkillRate":0.6853636838194356,"player2SkillRate":1.6130497294553774,"endTimestamp":1560214199931}
{"fightUUID":"22ad200e-8ec5-4c35-ac6a-bd9b211012e9","player1Id":45,"player2Id":39,"player1CharacterId":2,"player2CharacterId":16,"player1SkillRate":0.4596456681955301,"player2SkillRate":0.4908109733182163,"endTimestamp":1560214199931}
{"fightUUID":"38e28979-c99b-4195-b38b-55b8feb27fa6","player1Id":96,"player2Id":85,"player1CharacterId":17,"player2CharacterId":8,"player1SkillRate":0.43810211166523505,"player2SkillRate":1.873548304108849,"endTimestamp":1560214199931}
{"fightUUID":"36b051f8-e2f9-4533-8d65-d1ce3d51c968","player1Id":78,"player2Id":16,"player1CharacterId":14,"player2CharacterId":14,"player1SkillRate":0.573778551742517,"player2SkillRate":0.37093659394235845,"endTimestamp":1560214199931}
{"fightUUID":"280102be-bfe1-46ec-af5b-6d48e312e79b","player1Id":63,"player2Id":59,"player1CharacterId":17,"player2CharacterId":15,"player1SkillRate":1.448373544809368,"player2SkillRate":1.6115966309592005,"endTimestamp":1560214199931}
{"fightUUID":"7054f2a6-7364-4e83-8695-286b467c44a2","player1Id":36,"player2Id":48,"player1CharacterId":22,"player2CharacterId":13,"player1SkillRate":0.3895062572931669,"player2SkillRate":1.4558566188424513,"endTimestamp":1560214199931}
{"fightUUID":"82911730-cb77-428f-aa36-aeeb84b4bfc7","player1Id":97,"player2Id":78,"player1CharacterId":9,"player2CharacterId":5,"player1SkillRate":0.45774478710687805,"player2SkillRate":0.11696324761474486,"endTimestamp":1560214199932}
{"fightUUID":"87b87c50-8aa3-4f39-aa3b-e3d8df14e7df","player1Id":43,"player2Id":9,"player1CharacterId":22,"player2CharacterId":12,"player1SkillRate":0.7805714725383067,"player2SkillRate":1.2452286341347043,"endTimestamp":1560214199932}
{"fightUUID":"07efad26-526e-4221-aa5a-65ca16b132cd","player1Id":41,"player2Id":95,"player1CharacterId":8,"player2CharacterId":7,"player1SkillRate":1.6968229214681765,"player2SkillRate":0.3512899748739655,"endTimestamp":1560214199932}
{"fightUUID":"95fd5af8-b49a-4137-b6df-0a0b183e338e","player1Id":23,"player2Id":90,"player1CharacterId":11,"player2CharacterId":25,"player1SkillRate":0.6086270933762283,"player2SkillRate":1.5719929767411418,"endTimestamp":1560214199932}
{"fightUUID":"1b8ab907-64c2-4638-8369-072f97dc9fba","player1Id":73,"player2Id":10,"player1CharacterId":6,"player2CharacterId":15,"player1SkillRate":1.6711495596209978,"player2SkillRate":1.3141756095417187,"endTimestamp":1560214199932}
{"fightUUID":"2c9bb9c9-6a31-4d5a-b339-688500a0912f","player1Id":36,"player2Id":44,"player1CharacterId":15,"player2CharacterId":4,"player1SkillRate":1.0158507665562482,"player2SkillRate":0.206370740318672,"endTimestamp":1560214199932}
{"fightUUID":"f603357f-c866-441a-849d-3186651e316a","player1Id":89,"player2Id":58,"player1CharacterId":18,"player2CharacterId":2,"player1SkillRate":1.6100358289107546,"player2SkillRate":0.12746832766894223,"endTimestamp":1560214199932}
{"fightUUID":"373b7404-7656-4aab-a658-788696d9de88","player1Id":5,"player2Id":40,"player1CharacterId":7,"player2CharacterId":1,"player1SkillRate":0.17003106263577053,"player2SkillRate":1.3402543488545706,"endTimestamp":1560214199932}
{"fightUUID":"3b706e5e-c19c-4e8a-8d20-3413ab6a0240","player1Id":11,"player2Id":23,"player1CharacterId":10,"player2CharacterId":14,"player1SkillRate":0.14766316124673004,"player2SkillRate":1.9306416079326636,"endTimestamp":1560214199932}
{"fightUUID":"5d68d86b-91c0-4d8a-9419-ed711aba27b3","player1Id":7,"player2Id":41,"player1CharacterId":14,"player2CharacterId":2,"player1SkillRate":1.2010783019039637,"player2SkillRate":0.7427923124807447,"endTimestamp":1560214199932}
{"fightUUID":"22781f71-3b2a-4358-a710-1808971d4a9e","player1Id":47,"player2Id":78,"player1CharacterId":14,"player2CharacterId":22,"player1SkillRate":1.1696986426271458,"player2SkillRate":0.8002310072424695,"endTimestamp":1560214199932}
{"fightUUID":"f1a554d7-d4b0-484d-8cac-502fdbcbd0e4","player1Id":87,"player2Id":98,"player1CharacterId":24,"player2CharacterId":12,"player1SkillRate":1.6197692680821938,"player2SkillRate":0.4304220442324631,"endTimestamp":1560214199932}
{"fightUUID":"bea1fe5d-49e3-46e3-aa2b-e2271f521f1c","player1Id":1,"player2Id":30,"player1CharacterId":18,"player2CharacterId":1,"player1SkillRate":1.2086080978320866,"player2SkillRate":0.9266600792389224,"endTimestamp":1560214199932}
{"fightUUID":"c0b3079a-0df4-4325-8cc9-065aa9235a3c","player1Id":46,"player2Id":76,"player1CharacterId":22,"player2CharacterId":6,"player1SkillRate":1.906027090313536,"player2SkillRate":0.17081849810704158,"endTimestamp":1560214199932}
{"fightUUID":"c9aa0139-1fca-42ae-921c-765fd5a31558","player1Id":79,"player2Id":28,"player1CharacterId":2,"player2CharacterId":14,"player1SkillRate":1.5681967436316768,"player2SkillRate":1.9891391181689373,"endTimestamp":1560214199932}
{"fightUUID":"6afad4ae-671b-41c5-b5d4-4a8fd0814e50","player1Id":68,"player2Id":88,"player1CharacterId":18,"player2CharacterId":23,"player1SkillRate":1.0786743533839824,"player2SkillRate":1.4444703886934975,"endTimestamp":1560214199932}
{"fightUUID":"dc2318cf-430d-45f3-af08-0264feefc104","player1Id":56,"player2Id":57,"player1CharacterId":24,"player2CharacterId":13,"player1SkillRate":1.8402034304003665,"player2SkillRate":1.0036744096323267,"endTimestamp":1560214199932}
{"fightUUID":"e9e0d21c-0c56-4f9a-b2fa-7324c08dd98d","player1Id":3,"player2Id":98,"player1CharacterId":23,"player2CharacterId":23,"player1SkillRate":0.8403807388392034,"player2SkillRate":1.263448680226976,"endTimestamp":1560214199932}
{"fightUUID":"446bca77-f075-4fbf-9f36-b79e4cf71afd","player1Id":82,"player2Id":54,"player1CharacterId":16,"player2CharacterId":17,"player1SkillRate":1.0166031983211437,"player2SkillRate":1.3947934266470805,"endTimestamp":1560214199932}
{"fightUUID":"51c12511-684b-446a-ae88-aac36b562877","player1Id":1,"player2Id":85,"player1CharacterId":10,"player2CharacterId":12,"player1SkillRate":0.34946110473431397,"player2SkillRate":0.3543755323748706,"endTimestamp":1560214199932}
{"fightUUID":"16311aff-5dcb-46d2-8ca5-bd341a18ace6","player1Id":69,"player2Id":43,"player1CharacterId":6,"player2CharacterId":11,"player1SkillRate":1.3726060699510798,"player2SkillRate":1.7534414998597259,"endTimestamp":1560214199932}
{"fightUUID":"30a5b4ee-f944-4fa3-a7d4-88e447c85052","player1Id":83,"player2Id":50,"player1CharacterId":6,"player2CharacterId":9,"player1SkillRate":0.3765098899398953,"player2SkillRate":0.5324839482195844,"endTimestamp":1560214199932}
{"fightUUID":"975b2757-bd5b-491e-8e9b-4e58b77c703c","player1Id":16,"player2Id":46,"player1CharacterId":11,"player2CharacterId":22,"player1SkillRate":1.2236014166825362,"player2SkillRate":0.9519038130711733,"endTimestamp":1560214199933}
{"fightUUID":"8bfd68b7-56e1-4bef-95c0-9029cebb8f66","player1Id":65,"player2Id":58,"player1CharacterId":20,"player2CharacterId":25,"player1SkillRate":1.9128211302822218,"player2SkillRate":0.20728213667827267,"endTimestamp":1560214199933}
{"fightUUID":"0b9631fd-363a-4245-9005-85422691fd7d","player1Id":38,"player2Id":47,"player1CharacterId":8,"player2CharacterId":2,"player1SkillRate":0.5654734330180613,"player2SkillRate":0.9004092555547627,